R2,RMSE,MAE,Log_RMSE
0.9993759011111317,751.2083704318386,23.561342922719962,0.026122689063921928
