R2,RMSE,MAE,Log_RMSE
0.9973690646864707,2978.8026818133867,424.6485671617686,0.1618734560431614
