R2,RMSE,MAE,Log_RMSE
0.9973690643030497,2978.802898872204,424.65581154716335,0.16119463436602638
