R2,RMSE,MAE,Log_RMSE
0.9973690646864707,2978.802681813387,424.6485671617687,0.1618734560431614
