Model,R2,MSE,RMSE,MAE,MAPE,Log_R2,Log_MAE,Log_RMSE
RandomForest,0.9980068123695132,1802252.3931362235,1342.4799414278873,110.9538665544828,5.217867834789898,0.9978605658846516,0.020745396283304917,0.04900694686463524
XGBoost,0.9939567134088692,5464376.536700261,2337.600593921096,258.18123077424,13.656676834173167,0.9917900712456248,0.054143398164670495,0.09600146987765323
GBT,0.9906699850277418,8436256.35366889,2904.523429698733,296.036967516833,13.058801245235664,0.9925776929850104,0.05265069191522077,0.09128042335042909
DecisionTree,0.9889652836084418,9977657.757893803,3158.743066140993,241.7930930260797,8.566014042673766,0.9954230207281296,0.03451365102686425,0.07167994463448418
LinearRegression,0.0912501317339639,821697164.7795309,28665.260591516188,2516.2208271175223,196.97426441913268,0.6140702887308507,0.4393053054712124,0.6582066953566922
